{"cameraMode":{"drawMode":0,"name":"Shaded","section":"Shading Mode"},"sceneLighting":true,"audioPlay":false,"sceneViewState":{"m_AlwaysRefresh":false,"showFog":true,"showSkybox":true,"showFlares":true,"showImageEffects":true,"showParticleSystems":true,"showVisualEffectGraphs":true,"m_FxEnabled":true},"in2DMode":false,"pivot":{"x":0.9347280263900757,"y":13.212279319763184,"z":-3.3754942417144777},"rotation":{"x":0.40836718678474429,"y":-0.004537584725767374,"z":0.0023855154868215324,"w":0.9129880666732788},"size":0.8660253882408142,"orthographic":false}